,Best F1 Score,Best Accuracy,Best Precision,Best Recall,Best RMSE
0,0.4752079773824867,0.50708,0.5093518518682896,0.50708,0.7020826162211966
