,F1 Score,Accuracy,Precision,Recall,RMSE
0,0.4290333656892854,0.50808,0.5181074207064215,0.50808,0.7013700877568133
