,Best F1 Score,Best Accuracy,Best Precision,Best Recall,Best RMSE
0,0.5510283502395741,0.55252,0.5532273639028762,0.55252,0.6689394591440992
