,F1 Score,Accuracy,Precision,Recall,RMSE
0,0.5494318714477138,0.55012,0.5504280643187592,0.55012,0.6707309445671938
