,F1 Score,Accuracy,Precision,Recall,RMSE
0,0.49958232406234615,0.50312,0.5032107941485381,0.50312,0.7048971556191725
