,F1 Score,Accuracy,Precision,Recall,RMSE
0,0.5308723642725304,0.53748,0.5397176852351963,0.53748,0.6800882295702522
