,Best F1 Score,Best Accuracy,Best Precision,Best Recall,Best RMSE
0,0.554607197334808,0.55612,0.5568929610591453,0.55612,0.6662431988395829
