,F1 Score,Accuracy,Precision,Recall,RMSE
0,0.5434482463912417,0.54396,0.5441579885946353,0.54396,0.6753073374397763
