,Best F1 Score,BestAccuracy,Best Precision,Best Recall,Best RMSE
0,0.549133938782411,0.55056,0.5512078691793733,0.55056,0.6704028639556964
