,Best F1 Score,BestAccuracy,Best Precision,Best Recall,Best RMSE
0,0.49958232406234615,0.50312,0.5032107941485381,0.50312,0.7048971556191725
