,Best F1 Score,BestAccuracy,Best Precision,Best Recall,Best RMSE
0,0.5405489756901499,0.54472,0.5464051141829462,0.54472,0.6747443960493484
